english,spanish,portuguese,german,danish,dutch,difficulty
zero,cero,zero,Null,nul,nul,1
one,uno,um,ein,en,een,1
two,dos,dois,zwei,to,twee,1
three,tres,três,drei,tre,drie,1
four,cuatro,quatro,vier,fire,vier,1
five,cinco,cinco,fünf,fem,vijf,1
six,seis,seis,sechs,seks,zes,1
seven,siete,sete,sieben,syv,zeven,1
eight,ocho,oito,acht,otte,acht,1
nine,nueve,nove,neun,ni,negen,1
ten,diez,dez,zehn,ti,tien,1
eleven,once,onze,elf,elleve,elf,1
twelve,doce,doze,zwölf,tolv,twaalf,1
thirteen,trece,treze,dreizehn,tretten,dertien,1
fourteen,catorce,catorze,vierzehn,fjorten,veertien,1
fifteen,quince,quinze,fünfzehn,femten,vijftien,1
sixteen,dieciséis,dezesseis,sechzehn,seksten,zestien,1
seventeen,diecisiete,dezessete,siebzehn,sytten,zeventien,1
eighteen,dieciocho,dezoito,achtzehn,atten,achttien,1
nineteen,diecinueve,dezenove,neunzehn,nitten,negentien,1
twenty,veinte,vinte,zwanzig,tyve,twintig,1
thirty,treinta,trinta,dreißig,tredive,dertig,1
forty,cuarenta,quarenta,vierzig,fyrre,veertig,1
fifty,cincuenta,cinqüenta,fünfzig,halvtreds,vijftig,1
sixty,sesenta,sessenta,sechzig,tres,zestig,1
seventy,setenta,setenta,siebzig,halvfjerds,zeventig,1
eighty,ochenta,oitenta,achtzig,firs,tachtig,1
ninety,noventa,noventa,neunzig,halvfems,negentig,1
hundred,cien,cem,Hundert,hundred,honderd,1
thousand,mil,mil,Tausend,tusinde,duizend,1
million,millón,milhão,Million,million,miljoen,1
billion,billón,bilhão,Milliarde,mia.kr.,miljard,1
trillion,trillón,trilhão,Billion,billion,triljoen,1
the,la,o,die,den,de,2
of,de,de,von,af,van,2
to,a,para,auf,til,naar,2
and,y,e,und,og,en,2
a,un,um,ein,a,een,2
in,en,em,in,i,in,2
is,es,é,ist,er,is,2
it,lo,ele,es,det,het,2
you,usted,você,Sie,du,u,2
that,que,que,dass,at,dat,2
he,él,ele,er,han,hij,2
was,era,foi,war,var,was,2
for,para,para,für,for,voor,2
on,en,em,auf,på,op,2
are,son,são,sind,er,zijn,2
with,con,com,mit,med,met,2
as,como,como,als,som,als,2
I,Yo,Eu,Ich,Jeg,Ik,2
his,su,sua,seine,hans,zijn,2
they,ellos,eles,sie,de,zij,2
be,ser,ser,sein,være,zijn,2
at,en,em,bei,på,bij,2
have,tener,ter,haben,have,hebben,2
this,esta,este,dies,dette,deze,2
from,de,de,von,fra,van,2
or,o,ou,oder,eller,of,2
had,tenía,teve,hatten,havde,had,2
by,por,por,durch,ved,door,2
hot,caliente,quente,heiß,hot,heet,2
word,palabra,palavra,Wort,ord,woord,2
but,sino,mas,aber,men,maar,2
what,¿qué,o que,was,Hvad,wat,2
some,algunos,alguns,einige,nogle,sommige,2
we,nosotros,nós,wir,vi,we,2
can,lata,lata,können,kan,kan,2
out,fuera,fora,aus,ud,uit,2
other,otro,outro,andere,andre,ander,2
were,eran,foram,waren,var,waren,2
all,todos,todos,alle,alle,alle,2
there,hay,lá,da,der,er,2
when,cuando,quando,wenn,når,wanneer,2
up,hasta,acima,nach oben,op,naar boven,2
use,utilizar,usar,verwenden,bruge,gebruiken,2
your,su,sua,Ihre,Deres,uw,2
how,cómo,como,wie,hvordan,hoe,2
said,dijo,dito,sagte,sagde,zei,2
an,un,um,ein,en,een,2
each,cada,cada,jeder,hver,elk,2
she,ella,ela,sie,hun,ze,2
which,que,que,die,som,die,2
do,hacer,fazer,tun,gøre,doen,2
their,su,seu,ihre,deres,hun,2
time,tiempo,tempo,Zeit,tid,tijd,2
if,si,se,wenn,hvis,indien,2
will,voluntad,vontade,werden,vil,zullen,2
way,manera,maneira,Weg,måde,manier,2
about,sobre,sobre,über,om,over,2
many,muchos,muitos,viele,mange,veel,2
then,entonces,depois,dann,så,dan,2
them,les,eles,sie,dem,ze,2
write,escribir,escrever,schreiben,skrive,schrijven,2
would,haría,faria,würde,ville,zou,2
like,como,como,wie,ligesom,zoals,2
so,tan,assim,so,så,zo,2
these,estos,estes,diese,disse,deze,2
her,ella,sua,ihr,hende,haar,2
long,largo,longo,lange,lang,lang,2
make,hacer,fazer,machen,gøre,maken,2
thing,cosa,coisa,Sache,ting,ding,2
see,ver,ver,sehen,se,zien,2
him,lo,ele,ihm,ham,hem,2
has,tiene,tem,hat,har,heeft,2
look,buscar,olhar,schauen,se,kijken,2
more,más,mais,mehr,mere,meer,2
day,día,dia,Tag,dag,dag,2
could,podría,poderia,könnte,kunne,kon,2
go,ir,ir,gehen,gå,gaan,2
come,venir,vir,kommen,komme,komen,2
did,hizo,fez,tat,gjorde,deed,2
number,número,número,Anzahl,nummer,aantal,2
sound,sonar,soar,klingen,lyd,klinken,2
no,no,não,nicht,nej,geen,2
most,más,a maioria,am meisten,mest,meest,2
people,personas,pessoas,Menschen,mennesker,mensen,2
my,mi,meu,meine,min,mijn,2
over,por encima,sobre,über,i løbet af,over,2
know,saber,saber,wissen,kende,weten,2
water,agua,água,Wasser,vand,water,2
than,de,de,als,end,dan,2
call,llamar,chamar,rufen,ringe,noemen,2
first,primero,primeiro,erste,første,eerste,2
who,que,que,die,der,die,2
may,puede,pode,können,kan,kunnen,2
down,abajo,para baixo,nach unten,ned,beneden,2
side,lado,lado,Seite,side,zijde,2
been,sido,sido,war,været,geweest,2
now,ahora,agora,jetzt,nu,nu,2
find,encontrar,encontrar,finden,find,vinden,2
any,cualquier,qualquer,jeder,enhver,een,2
new,nuevo,novo,neu,ny,nieuw,2
work,trabajar,trabalhar,arbeiten,arbejde,werken,2
part,parte,parte,Teil,del,deel,2
take,tomar,tomar,nehmen,tage,nemen,2
get,obtener,obter,bekommen,få,krijgen,2
place,lugar,lugar,Ort,sted,plaats,2
made,hecho,feito,gemacht,lavet,gemaakt,2
live,vivir,viver,leben,leve,wonen,2
where,donde,onde,wo,hvor,waar,2
after,después,depois,nach,efter,na,2
back,espalda,de volta,zurück,tilbage,terug,2
little,poco,pouco,wenig,lidt,weinig,2
only,sólo,apenas,nur,kun,alleen,2
round,redondear,volta,runden,runde,rond,2
man,hombre,homem,Mann,mand,man,2
year,año,ano,Jahr,år,jaar,2
came,vino,veio,kam,kom,kwam,2
show,mostrar,mostrar,zeigen,vise,tonen,2
every,cada,cada,jeder,hver,iedere,2
good,bueno,bom,gut,god,goed,2
me,me,me,mich,mig,me,2
give,dar,dar,geben,giver,geven,2
our,nuestro,nosso,unsere,vores,onze,2
under,bajo,em,unter,under,onder,2
name,nombre,nome,Name,navn,naam,2
very,muy,muito,sehr,meget,zeer,2
through,a través de,através,durch,gennem,door,2
just,sólo,justo,nur,bare,gewoon,2
form,formulario,forma,Form,formular,vorm,2
sentence,frase,sentença,Satz,sætning,zin,2
great,gran,grande,groß,stor,groot,2
think,pensar,pensar,denken,tænke,denken,2
say,decir,dizer,sagen,sige,zeggen,2
help,ayudar,ajudar,helfen,hjælp,helpen,2
low,bajo,baixo,gering,lav,laag,2
line,línea,linha,Linie,line,lijn,2
differ,diferir de,diferir,abweichen,afvige,verschillen,2
turn,vuelta,transformar,drehen,drej,draaien,2
cause,causar,causar,verursachen,forårsage,veroorzaken,2
much,mucho,muito,viel,meget,veel,2
mean,significar,significar,bedeuten,betyde,betekenen,2
before,antes,antes,vor,før,voor,2
move,mover,mover,bewegen,flytte,bewegen,2
right,derecho,direito,rechts,højre,rechts,2
boy,niño,menino,Junge,dreng,jongen,2
old,viejo,velho,alt,gammel,oud,2
too,demasiado,também,zu,også,te,2
same,mismo,mesmo,gleich,samme,dezelfde,2
tell,contar,dizer,sagen,fortælle,vertellen,2
does,hace,faz,tut,gør,doet,2
set,establecer,conjunto,setzen,indstille,ingesteld,2
want,querer,querer,wollen,ønsker,willen,2
air,aire,ar,Luft,luft,lucht,2
well,bien,bem,gut,godt,goed,2
also,también,também,auch,også,ook,2
play,jugar,jogar,spielen,spille,spelen,2
small,pequeño,pequeno,klein,small,klein,2
end,final,final,Ende,ende,einde,2
put,poner,colocar,setzen,sætte,zetten,2
home,casa,casa,Zuhause,hjem,thuis,2
read,leer,ler,lesen,læse,lezen,2
hand,mano,mão,Hand,hånd,hand,2
port,puerto,porta,Port,port,poort,2
large,grande,grande,groß,large,groot,2
spell,deletrear,soletrar,buchstabieren,stave,spellen,2
add,añadir,adicionar,hinzufügen,tilføj,toevoegen,2
even,incluso,mesmo,auch,selv,zelfs,2
land,tierra,terra,Land,jord,land,3
here,aquí,aqui,hier,her,hier,3
must,deber,obrigação,Muss,skal,moet,3
big,grande,grande,groß,big,groot,3
high,alto,alto,hoch,høj,hoog,3
such,tal,tal,so,sådan,dergelijk,3
follow,seguir,seguir,folgen,følge,volgen,3
act,actuar,agir,handeln,handle,handelen,3
why,por qué,por que,warum,hvorfor,waarom,3
ask,pedir,perguntar,fragen,spørg,vragen,3
men,hombres,homens,Männer,mænd,mensen,3
change,cambiar,mudar,ändern,ændre,veranderen,3
went,fue,fui,ging,gik,ging,3
light,luz,luz,Licht,lys,licht,3
kind,tipo,tipo,Art,art,soort,3
off,de,fora,ab,off,uit,3
need,necesidad,necessidade,müssen,behov,moeten,3
house,casa,casa,Haus,hus,huis,3
picture,imagen,quadro,Bild,billede,afbeelding,3
try,tratar de,tentar,versuchen,prøv,proberen,3
us,nosotros,nos,uns,os,ons,3
again,otra vez,novamente,wieder,igen,weer,3
animal,animal,animal,Tier,dyr,dier,3
point,punto,ponto,Punkt,punkt,punt,3
mother,madre,mãe,Mutter,mor,moeder,3
world,mundo,mundo,Welt,verden,wereld,3
near,cerca,perto,nahe,nær,dichtbij,3
build,construir,construir,bauen,opbygge,bouwen,3
self,yo,eu,selbst,self,zelf,3
earth,tierra,terra,Erde,jord,aarde,3
father,padre,pai,Vater,far,vader,3
head,cabeza,cabeça,Kopf,hoved,hoofd,3
stand,estar de pie,suporte,stehen,stå,staan,3
own,propio,próprio,besitzen,egen,eigen,3
page,página,página,Seite,side,pagina,3
should,debería,deveria,sollte,bør,moeten,3
country,país,país,Land,land,land,3
found,encontrado,encontrado,gefunden,fundet,gevonden,3
answer,responder,responder,beantworten,besvare,beantwoorden,3
school,escuela,escola,Schule,skole,school,3
grow,crecer,crescer,wachsen,vokse,groeien,3
study,estudiar,estudar,studieren,studere,studeren,3
still,todavía,ainda,noch,stadig,nog,3
learn,aprender,aprender,lernen,lære,leren,3
plant,planta,planta,Anlage,plante,plant,3
cover,cubrir,cobrir,decken,dække,dekken,3
food,alimento,comida,Lebensmittel,mad,voedsel,3
sun,sol,sol,Sonne,sol,zon,3
between,entre,entre,zwischen,mellem,tussen,3
state,estado,estado,Zustand,stat,staat,3
keep,mantener,manter,halten,holde,houden,3
eye,ojo,olho,Auge,øje,oog,3
never,nunca,nunca,nie,aldrig,nooit,3
last,último,passado,letzte,sidste,laatste,3
let,dejar,deixar,lassen,lad,laten,3
thought,pensamiento,pensamento,Denken,tænkte,gedachte,3
city,ciudad,cidade,Stadt,by,stad,3
tree,árbol,árvore,Baum,træ,boom,3
cross,cruzar,atravessar,überqueren,krydse,oversteken,3
farm,granja,fazenda,Bauernhof,gård,boerderij,3
hard,duro,difícil,schwer,hårdt,hard,3
start,iniciar,começar,starten,starte,beginnen,3
might,fuerza,poder,Macht,måske,macht,3
story,historia,história,Geschichte,historie,verhaal,3
saw,sierra,serra,Säge,så,zagen,3
far,lejos,longe,weit,langt,ver,3
sea,mar,mar,Meer,hav,zee,3
draw,dibujar,desenhar,ziehen,uafgjort,trekken,3
left,izquierda,deixaram,links,venstre,links,3
late,tarde,tarde,spät,sent,laat,3
run,ejecutar,correr,laufen,løbe,lopen,3
don't,no,não,nicht,ikke,niet,3
while,mientras que,enquanto,während,mens,terwijl,3
press,pulsar,imprensa,drücken,trykke,drukken,3
close,cerrar,fechar,schließen,lukke,sluiten,3
night,noche,noite,Nacht,nat,nacht,3
real,real,real,real,real,echt,3
life,vida,vida,Leben,liv,leven,3
few,pocos,poucos,wenige,få,weinig,3
north,norte,norte,Norden,nord,noorden,3
open,abrir,abrir,öffnen,åbent,openen,3
seem,parecer,parecer,scheinen,synes,lijken,3
together,juntos,juntos,zusammen,sammen,samen,3
next,próximo,próximo,nächste,næste,volgende,3
white,blanco,branco,weiß,hvid,wit,3
children,niños,crianças,Kinder,børn,kinderen,3
begin,comenzar,começar,beginnen,begynde,beginnen,3
got,tiene,tem,habe,fik,kreeg,3
walk,caminar,andar,gehen,gang,lopen,3
example,ejemplo,exemplo,Beispiel,eksempel,voorbeeld,3
ease,facilidad,facilidade,erleichtern,lette,gemak,3
paper,papel,papel,Papier,papir,papier,3
group,grupo,grupo,Gruppe,gruppe,groep,3
always,siempre,sempre,immer,altid,altijd,3
music,música,música,Musik,musik,muziek,3
those,aquellos,aqueles,diejenigen,dem,die,3
both,ambos,tanto,beide,både,beide,3
mark,marcar,marcar,markieren,markere,markeren,3
often,a menudo,freqüentemente,oft,ofte,vaak,3
letter,carta,carta,Brief,brev,brief,3
until,hasta,até,bis,indtil,tot,3
mile,milla,milha,Meile,mile,mijl,3
river,río,rio,Fluss,flod,rivier,3
car,coche,carro,Auto,vogn,auto,3
feet,pies,pé,Füße,fødder,voeten,3
care,cuidar,cuidar,Pflege,pleje,zorg,3
second,segundo,segundo,zweite,sekund,tweede,3
book,libro,livro,Buch,bog,boek,3
carry,llevar,transportar,tragen,bære,dragen,3
took,tomó,levou,nahmen,tog,nam,3
science,ciencia,ciência,Wissenschaft,videnskab,wetenschap,3
eat,comer,comer,essen,spise,eten,3
room,habitación,quarto,Zimmer,værelse,kamer,3
friend,amigo,amigo,Freund,ven,vriend,3
began,comenzó,começou,begann,begyndte,begon,3
idea,idea,idéia,Idee,idé,idee,3
fish,pescado,peixe,Fisch,fisk,vis,3
mountain,montaña,montanha,Berg,bjerg,berg,3
stop,detener,parar,stoppen,stoppe,stoppen,3
once,una vez,uma vez,einmal,engang,eenmaal,3
base,base,base,Basis,basen,basis,3
hear,escuchar,ouvir,hören,høre,horen,3
horse,caballo,cavalo,Pferd,hest,paard,3
cut,cortar,cortar,schneiden,skære,snijden,3
sure,seguro,certo,sicher,sikker,zeker,3
watch,ver,ver,beobachten,se,kijken naar,3
color,color,cor,Farbe,farve,kleur,3
face,cara,face,Gesicht,ansigt,gezicht,3
wood,madera,madeira,Holz,træ,hout,3
main,principal,principal,Haupt-,main,hoofd-,3
enough,suficiente,suficiente,genug,nok,genoeg,3
plain,llanura,planície,Ebene,plain,vlakte,3
girl,chica,menina,Mädchen,pige,meisje,3
usual,usual,usual,üblich,sædvanlig,gebruikelijk,3
young,joven,jovem,jung,ung,jong,3
ready,listo,pronto,bereit,klar,klaar,3
above,arriba,acima,oben,ovenfor,boven,3
ever,nunca,sempre,je,nogensinde,ooit,3
red,rojo,vermelho,rot,rød,rood,3
list,lista,lista,Liste,liste,lijst,3
though,aunque,embora,obwohl,skønt,hoewel,3
feel,sentir,sentir,fühlen,føler,voelen,3
talk,hablar,falar,sprechen,tale,praten,3
bird,pájaro,pássaro,Vogel,fugl,vogel,3
soon,pronto,em breve,bald,snart,spoedig,3
body,cuerpo,corpo,Körper,krop,lichaam,3
dog,perro,cão,Hund,hund,hond,3
family,familia,família,Familie,familie,familie,3
direct,dirigir,dirigir,leiten,direkte,directe,3
pose,plantear,pose,Pose,udgøre,pose,3
leave,dejar,deixar,verlassen,forlade,verlaten,3
song,canción,canção,Song,sang,lied,3
measure,medir,medir,messen,måle,meten,3
door,puerta,porta,Tür,dør,deur,3
product,producto,produto,Produkt,produkt,product,3
black,negro,preto,schwarz,sort,zwart,3
short,corto,curto,kurz,kort,kort,3
numeral,numeral,numeral,Ziffer,talord,cijfer,3
class,clase,classe,Klasse,klasse,klasse,3
wind,viento,vento,Wind,blæst,wind,3
question,cuestión,pergunta,Frage,spørgsmål,vraag,3
happen,suceder,acontecer,passieren,ske,gebeuren,3
complete,completar,completar,vervollständigen,fuldføre,voltooien,3
ship,enviar,navio,Schiff,skib,schip,3
area,área,área,Bereich,område,gebied,3
half,mitad,metade,Hälfte,halv,helft,3
rock,rock,rocha,Rock,sten,rots,3
order,orden,ordem,bestellen,rækkefølge,volgorde,3
fire,fuego,fogo,Feuer,brand,brand,3
south,sur,sul,Süden,syd,zuiden,3
problem,problema,problema,Problem,problem,probleem,3
piece,pieza,peça,Stück,brik,stuk,3
told,dijo,disse,sagte,fortalt,vertelde,3
knew,sabía,sabia,"wusste,",vidste,wist,3
pass,pasar,passar,passieren,passere,passeren,3
since,desde,desde,da,eftersom,sinds,3
top,top,topo,Top,top,top,3
whole,conjunto,inteiro,ganze,hele,geheel,3
king,rey,rei,König,konge,koning,3
space,espacio,espaço,Raum,plads,ruimte,3
heard,oído,ouvido,hören,hørt,gehoord,3
best,mejor,o melhor,beste,bedst,best,3
hour,hora,hora,Stunde,time,uur,3
better,mejor,melhor,besser,bedre,beter,3
true,verdadero,verdadeiro,wahr,sand,waar,3
during,durante,durante,während,i løbet af,in de loop van,3
remember,recordar,lembrar,merken,huske,herinneren,3
step,paso,passo,Schritt,trin,stap,3
early,temprano,cedo,früh,tidligt,vroeg,3
hold,mantener,segurar,halten,hold,houden,3
west,oeste,oeste,Westen,vest,west,3
ground,suelo,terreno,Boden,jord,grond,3
interest,interés,interesse,Interesse,interesse,rente,3
reach,alcanzar,alcançar,erreichen,nå,bereiken,3
fast,rápido,rápido,schnell,hurtigt,snel,3
verb,verbo,verbo,Verb,verbum,werkwoord,3
sing,cantar,cantar,singen,synge,zingen,3
listen,escuchar,ouvir,hören,lytte,luisteren,3
table,mesa,tabela,Tabelle,bord,tafel,3
travel,viajar,viajar,reisen,rejse,reizen,3
less,menos,menos,weniger,mindre,minder,4
morning,mañana,manhã,Morgen,morgen,ochtend,4
simple,simple,simples,einfach,simpelt,eenvoudig,4
several,varios,vários,mehrere,flere,verscheidene,4
vowel,vocal,vogal,Vokal,vokal,klinker,4
toward,hacia,para,auf,mod,in de richting van,4
war,guerra,guerra,Krieg,krig,oorlog,4
lay,poner,leigo,legen,lægge,leggen,4
against,contra,contra,gegen,mod,tegen,4
pattern,patrón,padrão,Muster,mønster,patroon,4
slow,lento,devagar,verlangsamen,langsom,langzaam,4
center,centro,centro,Zentrum,center,centrum,4
love,amor,amor,lieben,kærlighed,liefde,4
person,persona,pessoa,Person,"person,",persoon,4
money,dinero,dinheiro,Geld,penge,geld,4
serve,servir,servir,dienen,tjene,dienen,4
appear,aparecer,aparecer,erscheinen,forekomme,verschijnen,4
road,carretera,estrada,Straße,vej,weg,4
map,mapa,mapa,Karte,kort,kaart,4
rain,lluvia,chuva,regen,regn,regen,4
rule,gobernar,governar,regieren,regere,regeren,4
govern,gobernar,governar,regieren,regere,regeren,4
pull,tirar,puxar,ziehen,træk,trekken,4
cold,frío,frio,Kälte,forkølelse,koud,4
notice,nota,notar,bemerken,mærke,opmerken,4
voice,voz,voz,Stimme,stemme,stem,4
unit,unidad,unidade,Einheit,enhed,eenheid,4
power,poder,poder,Macht,magt,vermogen,4
town,ciudad,cidade,Stadt,town,stad,4
fine,multa,multa,fein,bøde,fijn,4
certain,cierto,certo,sicher,vis,zeker,4
fly,volar,voar,fliegen,flyve,vliegen,4
fall,caer,cair,fallen,falde,vallen,4
lead,conducir,conduzir,führen,føre,leiden,4
cry,llorar,chorar,weinen,græde,huilen,4
dark,oscuro,escuro,dunkel,mørk,donker,4
machine,máquina,máquina,Maschine,maskine,machine,4
note,nota,nota,beachten,Bemærk,noot,4
wait,esperar,esperar,warten,vente,wachten,4
plan,plan,plano,Plan,plan,plan,4
figure,calcular,descobrir,Abbildung,figur,figuur,4
star,estrella,estrela,Stern,stjerne,ster,4
box,caja,caixa,Box,kasse,doos,4
noun,sustantivo,substantivo,Nomen,navneord,zelfstandig naamwoord,4
field,campo,campo,Feld,felt,veld,4
rest,resto,resto,Rest,hvile,rest,4
correct,corregir,corrigir,korrigieren,korrigere,corrigeren,4
able,capaz,capaz,fähig,stand,in staat,4
pound,libra,libra,Pfund,pund,pond,4
done,hecho,feito,erledigt,gjort,gedaan,4
beauty,belleza,beleza,Schönheit,skønhed,schoonheid,4
drive,conducir,conduzir,fahren,køre,drijven,4
stood,estaba,ficou,stand,stod,stond,4
contain,contener,conter,enthalten,indeholde,bevatten,4
front,frente,frente,Front,forside,front,4
teach,enseñar,ensinar,lehren,undervise,leren,4
week,semana,semana,Woche,uge,week,4
final,final,final,final,endelig,finale,4
gave,dio,deu,gab,gav,gaf,4
green,verde,verde,grün,grøn,groen,4
oh,¡ay,ó,oh,oh,oh,4
quick,rápido,rápido,schnell,hurtig,snel,4
develop,desarrollar,desenvolver,entwickeln,udvikle,ontwikkelen,4
ocean,océano,oceano,Ozean,ocean,oceaan,4
warm,caliente,quente,warm,varm,warm,4
free,libre,livre,kostenlos,fri,gratis,4
minute,minuto,minuto,Minute,minut,minuut,4
strong,fuerte,forte,stark,stærk,sterk,4
special,especial,especial,besondere,special,speciaal,4
mind,mente,mente,Sinn,imod,geest,4
behind,detrás,atrás,hinter,bag,achter,4
clear,claro,limpar,löschen,klart,duidelijk,4
tail,cola,cauda,Schwanz,hale,staart,4
produce,producir,produzir,produzieren,producere,produceren,4
fact,hecho,fato,Tatsache,kendsgerning,feit,4
street,calle,rua,Straße,gade,straat,4
inch,pulgada,polegada,Zoll,inch,inch,4
multiply,multiplicar,multiplicar,multiplizieren,formere,vermenigvuldigen,4
nothing,nada,nada,nichts,intet,niets,4
course,curso,curso,Kurs,kursus,cursus,4
stay,permanecer,ficar,bleiben,ophold,blijven,4
wheel,rueda,roda,Rad,hjul,wiel,4
full,completo,completo,voll,fuld,volledig,4
force,forzar,forçar,zwingen,tvinge,dwingen,4
blue,azul,azul,blau,blå,blauw,4
object,objeto,objeto,Objekt,objekt,object,4
decide,decidir,decidir,entscheiden,beslutte,beslissen,4
surface,superficie,superfície,Oberfläche,overflade,oppervlak,4
deep,profundo,profundidade,tief,dyb,diep,4
moon,luna,lua,Mond,månen,maan,4
island,isla,ilha,Insel,ø,eiland,4
foot,pie,pé,Fuß,fod,voet,4
system,sistema,sistema,System,systemet,systeem,4
busy,ocupado,ocupado,beschäftigt,travl,bezig,4
test,prueba,teste,Test,test,test,4
record,registro,registro,Rekord,rekord,record,4
boat,barco,barco,Boot,båd,boot,4
common,común,comum,gemeinsam,fælles,gemeen,4
gold,oro,ouro,Gold,guld,goud,4
possible,posible,possível,möglich,muligt,mogelijk,4
plane,plano,avião,Flugzeug,plan,vliegtuig,4
stead,lugar,lugar,Statt,stedet,plaats,4
dry,secar,secar,trocknen,tørre,drogen,4
wonder,preguntarse,maravilha,Wunder,spekulerer,wonder,4
laugh,reír,rir,lachen,grine,lachen,4
ago,hace,atrás,vor,siden,geleden,4
ran,corrió,correu,ran,løb,liep,4
check,comprobar,verificar,überprüfen,tjek,controleren,4
game,juego,jogo,Spiel,spil,spel,4
shape,forma a,moldar,gestalten,forme,vorm te geven,4
equate,equiparar,equiparar,gleichsetzen,sidestille,gelijkstellen,4
miss,perder,perder,vermissen,glip,missen,4
brought,trajo,trouxe,brachte,bragt,bracht,4
heat,calor,calor,Wärme,hede,warmte,4
snow,nieve,neve,Schnee,sne,sneeuw,4
tire,neumático,pneu,Reifen,dæk,band,4
bring,llevar,trazer,bringen,bringe,brengen,4
yes,sí,sim,ja,ja,ja,4
distant,distante,distante,fern,fjernt,ver,4
fill,llenar,preencher,füllen,fylde,vullen,4
east,este,leste,Osten,øst,oosten,4
paint,pintar,pintar,malen,male,schilderen,4
language,idioma,linguagem,Sprache,sprog,taal,4
among,entre,entre,unter,blandt,onder,4
grand,magnífico,grande,groß,grand,groots,4
ball,bola,bola,Ball,bold,bal,4
yet,aún,ainda,noch,endnu,nog,4
wave,ola,onda,Welle,bølge,golf,4
drop,caer,cair,fallen,drop,vallen,4
heart,corazón,coração,Herz,hjerte,hart,4
am,soy,sou,Uhr,am,am,4
present,presentar,apresentar,präsentieren,præsentere,presenteren,4
heavy,pesado,pesado,schwer,tung,zwaar,4
dance,bailar,dançar,tanzen,danse,dansen,4
engine,motor,motor,Motor,motor,motor,4
position,posición,posição,Position,position,positie,4
arm,brazo,braço,Arm,arm,arm,4
wide,ancho,amplo,breit,bred,breed,4
sail,navegar,velejar,segeln,sejle,varen,4
material,material,material,Material,materiale,materiaal,4
size,tamaño,tamanho,Größe,størrelse,omvang,4
vary,variar,variar,variieren,variere,variëren,4
settle,resolver,resolver,begleichen,bilægge,vestigen,4
speak,hablar,falar,sprechen,tale,spreken,4
weight,peso,peso,Gewicht,vægt,gewicht,4
general,general,geral,allgemein,Generelt,algemeen,4
ice,hielo,gelo,Eis,is,ijs,4
matter,materia,importância,Materie,noget,materie,4
circle,círculo,círculo,Kreis,cirkel,cirkel,4
pair,par,par,Paar,pair,paar,4
include,incluir,incluir,umfassen,omfatte,omvatten,4
divide,dividir,dividir,aufteilen,opdele,verdelen,4
syllable,sílaba,sílaba,Silbe,stavelse,lettergreep,4
felt,sentido,feltro,Filz,følte,vilt,4
perhaps,tal vez,talvez,vielleicht,måske,misschien,4
pick,recoger,escolher,pflücken,pick,kiezen,4
sudden,repentino,súbito,plötzlich,pludselige,plotseling,4
count,contar,contar,zählen,tælle,tellen,4
square,plaza,praça,Quadrat,firkantet,vierkant,4
reason,razón,razão,Grund,årsag,reden,4
length,longitud,comprimento,Länge,længde,lengte,4
represent,representar,representar,vertreten,repræsentere,vertegenwoordigen,4
art,arte,arte,Kunst,kunst,kunst,4
subject,sujeto,assunto,Thema,emne,onderwerp,4
region,región,região,Region,region,regio,4
energy,energía,energia,Energie,energi,energie,4
hunt,caza,caça,Jagd,jagt,jacht,4
probable,probable,provável,wahrscheinlich,sandsynlig,waarschijnlijk,4
bed,cama,cama,Bett,seng,bed,4
brother,hermano,irmão,Bruder,bror,broer,4
egg,huevo,ovo,Ei,æg,ei,4
ride,montar,montar,reiten,rider,rijden,4
cell,célula,célula,Zelle,celle,cel,4
believe,creer,acreditar,glauben,tro,geloven,4
fraction,fracción,fração,Bruchteil,fraktion,fractie,4
forest,bosque,floresta,Wald,skov,bos,4
sit,sentarse,sentar-se,sitzen,sidde,zitten,4
race,raza,raça,Rennen,løb,race,4
window,ventana,janela,Fenster,vindue,venster,4
store,almacenar,armazenar,speichern,opbevare,op te slaan,4
summer,verano,verão,Sommer,sommer,zomer,4
train,tren,trem,Zug,tog,trein,4
sleep,dormir,dormir,schlafen,sove,slapen,4
prove,demostrar,provar,beweisen,bevise,bewijzen,4
lone,solitario,solitário,einsam,lone,eenzaam,4
leg,pierna,perna,Bein,ben,been,4
exercise,ejercer,exercer,ausüben,udøve,oefenen,4
wall,pared,parede,Wand,væg,wand,4
catch,coger,pegar,fangen,fange,vangen,4
mount,montar,montar,montieren,montere,monteren,4
wish,deseo,desejo,wünschen,ønske,wensen,4
sky,cielo,céu,Himmel,himmel,hemel,4
board,bordo,conselho,Board,board,boord,4
joy,alegría,alegria,Freude,glæde,vreugde,4
winter,invierno,inverno,Winter,vinter,winter,4
sat,sáb,sáb.,Sa,Lør,zat,4
written,escrito,escrito,geschrieben,skriftlig,geschreven,4
wild,salvaje,selvagem,wild,vild,wild,4
instrument,instrumento,instrumento,Instrument,instrument,instrument,4
kept,mantenido,guardado,gehalten,holdt,gehouden,4
glass,vidrio,vidro,Glas,glas,glas,5
grass,hierba,grama,Gras,græs,gras,5
cow,vaca,vaca,Kuh,ko,koe,5
job,trabajo,trabalho,Job,job,baan,5
edge,borde,borda,Rand,kant,rand,5
sign,firmar,assinar,unterzeichnen,underskrive,ondertekenen,5
visit,visitar,visitar,besuchen,besøg,bezoeken,5
past,pasado,passado,Vergangenheit,forbi,verleden,5
soft,suave,macio,weich,soft,zacht,5
fun,diversión,diversão,Spaß,sjov,plezier,5
bright,brillante,brilhante,hell,lyse,helder,5
gas,gas,gás,Gas,gas,gas,5
weather,tiempo,tempo,Wetter,vejr,weer,5
month,mes,mês,Monat,måned,maand,5
bear,soportar,suportar,tragen,bære,dragen,5
finish,terminar,terminar,beenden,færdig,afmaken,5
happy,feliz,feliz,glücklich,lykkelig,gelukkig,5
hope,esperanza,esperança,hoffen,håbe,hopen,5
flower,flor,flor,Blume,blomst,bloem,5
clothe,vestir,vestir,kleiden,iklæde,kleden,5
strange,extraño,estranho,seltsam,mærkelig,vreemd,5
gone,ido,ido,weg,gået,weg,5
jump,saltar,saltar,springen,springe,springen,5
baby,bebé,bebê,Baby,barn,baby,5
village,pueblo,aldeia,Dorf,landsby,dorp,5
meet,satisfacer,reunir-se,treffen,mødes,voldoen aan,5
root,raíz,raiz,Wurzel,root,wortel,5
buy,comprar,comprar,kaufen,købe,kopen,5
raise,elevar,aumentar,erhöhen,hæve,verhogen,5
solve,resolver,resolver,lösen,løse,oplossen,5
metal,metal,metal,Metall,metal,metalen,5
whether,si,se,ob,hvorvidt,of,5
push,empuje,empurrar,schieben,skubbe,duwen,5
paragraph,párrafo,parágrafo,Absatz,afsnit,paragraaf,5
third,tercera,terceiro,dritte,3:e,derde,5
shall,deberán,deve,wird,skal,zal,5
held,tenido,mantido,statt,holdt,gehouden,5
hair,cabello,cabelo,Haar,hår,haar,5
describe,describir,descrever,beschreiben,beskrive,beschrijven,5
cook,cocinar,cozinhar,kochen,tilberede,koken,5
floor,piso,piso,Boden,gulv,vloer,5
either,cualquiera de los dos,ou,entweder,enten,een van beide,5
result,resultar,resultar,Folge,resultere,resultaat,5
burn,quemar,queimar,brennen,brænde,uitbranden,5
hill,colina,colina,Hügel,hill,heuvel,5
safe,seguro,seguro,sicher,sikker,veilig,5
cat,gato,gato,Katze,kat,kat,5
century,siglo,século,Jahrhundert,århundrede,eeuw,5
consider,considerar,considerar,betrachten,overveje,overwegen,5
type,tipo,tipo,Typ,Type,type,5
law,ley,lei,Gesetz,lov,wet,5
bit,bit,bocado,Bit,bit,bit,5
coast,costa,costa,Küste,kyst,kust,5
copy,copiar,copiar,kopieren,kopiere,kopiëren,5
phrase,frase,frase,Ausdruck,sætning,uitdrukking,5
silent,silencioso,silencioso,still,lydløs,stil,5
tall,alto,alto,groß,høj,hoog,5
sand,arena,areia,Sand,sand,zand,5
soil,suelo,solo,Boden,jord,bodem,5
roll,rodar,rolar,rollen,rulle,rollen,5
temperature,temperatura,temperatura,Temperatur,temperatur,temperatuur,5
finger,dedo,dedo,Finger,finger,vinger,5
industry,industria,indústria,Industrie,industri,industrie,5
value,valor,valor,Wert,værdi,waarde,5
fight,luchar,lutar,kämpfen,kæmpe,vechten,5
lie,mentir,mentir,liegen,ligge,liggen,5
beat,batir,bater,schlagen,slå,slaan,5
excite,excitar,excitar,erregen,ophidse,prikkelen,5
natural,natural,natural,natürlich,naturlig,natuurlijk,5
view,ver,ver,sehen,vis,zien,5
sense,sentido,sentido,Sinn,fornuft,zin,5
ear,oído,ouvido,Ohr,øre,oor,5
else,más,outro,sonst,ellers,anders,5
quite,bastante,bastante,ganz,helt,heel,5
broke,rompió,quebrado,pleite,brød,brak,5
case,caso,caso,Fall,sag,geval,5
middle,medio,meio,Mitte,Midt,midden,5
kill,matar,matar,töten,dræbe,doden,5
son,hijo,filho,Sohn,søn,zoon,5
lake,lago,lago,See,sø,meer,5
moment,momento,momento,Moment,øjeblik,moment,5
scale,escala,escala,Maßstab,skala,schaal,5
loud,fuerte,alto,laut,højt,luid,5
spring,primavera,primavera,Frühjahr,forår,voorjaar,5
observe,observar,observar,beobachten,observere,in acht nemen,5
child,niño,criança,Kind,barn,kind,5
straight,recto,em linha reta,gerade,lige ud,recht,5
consonant,consonante,consoante,Konsonant,konsonant,medeklinker,5
nation,nación,nação,Nation,nation,natie,5
dictionary,diccionario,dicionário,Wörterbuch,ordbog,woordenboek,5
milk,leche,leite,Milch,mælk,melk,5
speed,acelerar,acelerar,Geschwindigkeit,hastighed,snelheid,5
method,método,método,Verfahren,metode,methode,5
organ,órgano,órgão,Orgel,orgel,orgel,5
pay,pagar,pagar,zahlen,betale,betalen,5
age,edad,idade,Alter,alder,leeftijd,5
section,sección,seção,Abschnitt,sektion,sectie,5
dress,vestir,vestir,kleiden,kjole,kleden,5
cloud,nube,nuvem,Wolke,sky,wolk,5
surprise,sorpresa,surpresa,Überraschung,overraskelse,verrassing,5
quiet,tranquilo,calma,ruhig,quiet,rustig,5
stone,piedra,pedra,Stein,sten,steen,5
tiny,diminuto,minúsculo,winzig,tiny,minuscuul,5
climb,escalar,subir,klettern,klatre,klimmen,5
cool,fresco,legal,cool,kølig,koel,5
design,diseño,projeto,Design,design,ontwerp,5
poor,pobre,pobre,arm,fattige,arm,5
lot,mucho,muitos,Menge,parti,lot,5
experiment,experimento,experiência,Experiment,eksperiment,experiment,5
bottom,fondo,fundo,Boden,bund,bodem,5
key,clave,chave,Schlüssel,nøgle,sleutel,5
iron,hierro,ferro,Eisen,jern,ijzer,5
single,solo,único,Single,single,single,5
stick,palo,vara,kleben,stick,steken,5
flat,plano,plano,Wohnung,flad,plat,5
skin,piel,pele,Haut,hud,huid,5
smile,sonreír,sorrir,lächeln,smile,glimlachen,5
crease,pliegue,vincar,Falte,krølle,vouw,5
hole,agujero,buraco,Loch,hul,gat,5
trade,comercio,comércio,Handel,handel,handel,5
melody,melodía,melodia,Melodie,melodi,melodie,5
trip,viaje,viagem,Reise,tur,reis,5
office,oficina,escritório,Büro,kontor,kantoor,5
receive,recibir,receber,empfangen,modtage,ontvangen,5
row,fila,linha,Reihe,række,rij,5
mouth,boca,boca,Mund,mund,mond,5
exact,exacto,exato,genau,eksakt,exact,5
symbol,símbolo,símbolo,Symbol,symbol,symbool,5
die,morir,morrer,sterben,dø,sterven,5
least,mínimo,mínimo,am wenigsten,mindst,minst,5
trouble,problema,dificuldade,Schwierigkeiten,besvær,moeite,5
shout,gritar,gritar,schreien,råbe,schreeuwen,5
except,excepto,exceto,außer,undtagen,behalve,5
wrote,escribió,escreveu,schrieb,skrev,schreef,5
seed,semilla,semente,Samen,frø,zaad,5
tone,tono,tom,Ton,tone,toon,5
join,unirse,juntar,beitreten,slutte,toetreden tot,5
suggest,sugerir,sugerir,vorschlagen,foreslå,suggereren,5
clean,limpiar,limpar,reinigen,ren,schoon,5
break,romper,quebrar,brechen,bryde,breken,5
lady,dama,senhora,Dame,lady,dame,5
yard,patio,quintal,Hof,værftet,yard,5
rise,subir,subir,steigen,stige,stijgen,5
bad,malo,ruim,schlecht,dårlig,slecht,5
blow,soplar,soprar,blasen,blæse,blazen,5
oil,aceite,óleo,Öl,olie,olie,5
blood,sangre,sangue,Blut,blod,bloed,5
touch,toque,tocar,berühren,røre,raken,5
grew,creció,cresceu,wuchs,voksede,groeide,5
cent,centavo,centavo,Cent,cent,cent,5
mix,mezclar,misturar,mischen,blande,mengen,5
team,equipo,equipe,Team,hold,team,5
wire,alambre,arame,Draht,wire,draad,5
cost,costo,custar,kosten,koste,kosten,5
lost,perdido,perdido,verloren,tabt,verloren,5
brown,marrón,marrom,braun,brun,bruin,5
wear,desgaste,desgaste,tragen,slid,dragen,5
garden,jardín,jardim,Garten,haven,tuin,5
equal,igual,igual,gleich,lige,gelijk,5
sent,enviado,enviado,geschickt,sendt,verzonden,5
choose,elegir,escolher,wählen,vælge,kiezen,5
fell,cayó,caiu,fielen,faldt,viel,5
fit,ajuste,caber,passen,passe,geschikt,5
flow,flujo,fluxo,Fluss,flow,stroom,5
fair,feria,feira,fair,retfærdig,eerlijk,5
bank,banco,banco,Bank,bank,bank,5
collect,recoger,coletar,sammeln,indsamle,verzamelen,5
save,ahorrar,salvar,sparen,spare,besparen,5
control,controlar,controlar,steuern,kontrol,controle,5
decimal,decimal,decimal,dezimal,decimal,decimale,5
gentle,suave,suave,sanft,blid,zacht,5
woman,mujer,mulher,Frau,kvinde,vrouw,5
captain,capitán,capitão,Kapitän,kaptajn,kapitein,5
practice,práctica,prática,Praxis,praksis,praktijk,5
separate,separado,separado,trennen,særskilt,apart,5
difficult,difícil,difícil,schwierig,vanskeligt,moeilijk,5
doctor,médico,médico,Arzt,læge,dokter,5
please,complacer,por favor,gefallen,behage,alsjeblieft,5
protect,proteger,proteger,schützen,beskytte,beschermen,5
noon,mediodía,meio-dia,Mittag,middag,middag,5
whose,cuyo,de quem,deren,hvis,wiens,5
locate,localizar,localizar,lokalisieren,lokalisere,plaatsen,5
ring,anillo,anel,Ring,ring,ring,5
character,carácter,caráter,Charakter,karakter,karakter,5
insect,insecto,inseto,Insekt,insekt,insect,5
caught,capturado,apanhados,gefangen,fanget,gevangen,5
period,período,período,Zeit,periode,periode,5
indicate,indicar,indicar,zeigen,angive,aangeven,5
radio,radio,rádio,Radio,radio,radio,5
spoke,rayo,raio,Speiche,talte,spaak,5
atom,átomo,átomo,Atom,atom,atoom,5
human,humano,humano,Mensch,menneskelig,menselijk,5
history,historia,história,Geschichte,historie,geschiedenis,5
effect,efecto,efeito,Wirkung,effekt,effect,5
electric,eléctrico,elétrico,elektrisch,elektrisk,elektrisch,5
expect,esperar,esperar,erwarten,forvente,verwachten,5
crop,cultivo,colheita,Ernte,afgrøde,gewas,5
modern,moderno,moderno,modern,moderne,modern,5
element,elemento,elemento,Element,element,element,5
hit,golpear,acertar,schlagen,hit,raken,5
student,estudiante,estudante,Schüler,studerende,student,5
corner,esquina,canto,Ecke,hjørne,hoek,6
party,partido,festa,Partei,fest,partij,6
supply,suministrar,fornecer,liefern,forsyne,leveren,6
bone,hueso,osso,Knochen,knogle,bot,6
rail,rail,trilho,Schiene,jernbane,rail,6
imagine,imaginar,imaginar,vorstellen,forestille,zich voorstellen,6
provide,proporcionar,fornecer,bieten,give,zorgen voor,6
agree,estar de acuerdo,concordar,zustimmen,enige,het eens zijn,6
thus,así,assim,so,således,dus,6
capital,capital,capital,Hauptstadt,kapital,hoofdstad,6
won't,no lo hará,não vai,wird nicht,vil ikke,zal niet,6
chair,silla,cadeira,Stuhl,stol,stoel,6
danger,peligro,perigo,Gefahr,fare,gevaar,6
fruit,fruta,fruto,Obst,frugt,fruit,6
rich,rico,rico,reich,rig,rijk,6
thick,espesor,espesso,dick,tyk,dik,6
soldier,soldado,soldado,Soldat,soldat,soldaat,6
process,proceso,processo,Prozess,proces,procede,6
operate,funcionar,operar,betreiben,betjene,werken,6
guess,adivinar,adivinhar,erraten,gætte,raden,6
necessary,necesario,necessário,notwendig,nødvendig,noodzakelijk,6
sharp,agudo,forte,scharf,skarp,scherp,6
wing,ala,asa,Flügel,fløj,vleugel,6
create,crear,criar,schaffen,skabe,creëren,6
neighbor,vecino,vizinho,Nachbar,nabo,buur,6
wash,lavar,lavar,waschen,vaske,wassen,6
bat,bat,bat,Fledermaus,bat,bat,6
rather,más bien,mais,eher,snarere,eerder,6
crowd,multitud,multidão,Menschenmenge,crowd,menigte,6
corn,maíz,milho,Mais,majs,maïs,6
compare,comparar,comparar,vergleichen,sammenligne,vergelijken,6
poem,poema,poema,Gedicht,digt,gedicht,6
string,cadena,corda,Schnur,streng,snaar,6
bell,campana,sino,Glocke,klokke,bel,6
depend,depender,depender,abhängen,afhænge,afhankelijk zijn,6
meat,carne,carne,Fleisch,kød,vlees,6
rub,frotar,esfregar,reiben,gnide,wrijven,6
tube,tubo,tubo,Rohr,rør,buis,6
famous,famoso,famoso,berühmt,berømt,beroemd,6
dollar,dólar,dólar,Dollar,dollar,dollar,6
stream,corriente,córrego,Strom,stream,stroom,6
fear,miedo,medo,Angst,frygt,angst,6
sight,vista,vista,Sicht,syn,zicht,6
thin,delgado,fino,dünn,tynd,dun,6
triangle,triángulo,triângulo,Dreieck,trekant,driehoek,6
planet,planeta,planeta,Planet,planet,planeet,6
hurry,prisa,pressa,Eile,skynde,haast,6
chief,jefe,chefe,Chef,chef,chef,6
colony,colonia,colônia,Kolonie,koloni,kolonie,6
clock,reloj,relógio,Uhr,ur,klok,6
mine,mina,mina,Mine,mine,de mijne,6
tie,atar,amarrar,binden,slips,binden,6
enter,entrar,entrar,eingeben,indtaste,invoeren,6
major,mayor,principal,Haupt-,større,groot,6
fresh,fresco,fresco,frisch,frisk,vers,6
search,buscar,pesquisar,Suche,søg,zoeken,6
send,enviar,enviar,senden,Send,sturen,6
yellow,amarillo,amarelo,gelb,gul,geel,6
gun,pistola,pistola,Pistole,gun,geweer,6
allow,permitir,permitir,erlauben,tillade,toelaten,6
print,imprimir,imprimir,drucken,udskrive,afdrukken,6
dead,muerto,morto,tot,død,dood,6
spot,lugar,local,Stelle,spot,plek,6
desert,desierto,deserto,Wüste,ørken,woestijn,6
suit,traje,terno,Anzug,dragt,pak,6
current,corriente,atual,Strom,strøm,stroom,6
lift,levantar,levantar,heben,lift,tillen,6
rose,rosa,rosa,Rose,steg,roos,6
continue,continuar,continuar,fortsetzen,fortsætte,voortzetten,6
block,bloquear,bloquear,blockieren,blokere,blokkeren,6
chart,trazar,traçar,Diagramm,kortlægge,in kaart te brengen,6
hat,sombrero,chapéu,Hut,hat,hoed,6
sell,vender,vender,verkaufen,sælge,verkopen,6
success,éxito,sucesso,Erfolg,succes,succes,6
company,empresa,companhia,Firma,selskab,vennootschap,6
subtract,sustraer,subtrair,subtrahieren,subtrahere,aftrekken,6
event,evento,evento,Veranstaltung,begivenhed,evenement,6
particular,particular,particular,besondere,særlig,bijzonder,6
deal,negociar,tratar,Deal,behandle,handelen,6
swim,nadar,nadar,schwimmen,svømme,zwemmen,6
term,plazo,prazo,Begriff,sigt,termijn,6
opposite,opuesto,oposto,gegenüber,modsat,tegenover,6
wife,esposa,esposa,Frau,hustru,vrouw,6
shoe,zapato,sapato,Schuh,sko,schoen,6
shoulder,hombro,ombro,Schulter,skulder,schouder,6
spread,difundir,espalhar,verbreiten,sprede,verspreiden,6
arrange,organizar,organizar,arrangieren,arrangere,regelen,6
camp,campamento,acampamento,Lager,camp,kamp,6
invent,inventar,inventar,erfinden,opfinde,verzinnen,6
cotton,algodón,algodão,Baumwolle,bomuld,katoen,6
born,nacido,nascido,geboren,født,geboren,6
determine,determinar,determinar,bestimmen,bestemme,bepalen,6
quart,cuarto de galón,quarto,Quart,quart,pot,6
truck,camión,caminhão,LKW,lastbil,vrachtwagen,6
noise,ruido,ruído,Lärm,støj,geluid,6
level,nivel,nível,Ebene,niveau,niveau,6
chance,oportunidad,chance,Chance,chance,kans,6
gather,reunir,reunir,sammeln,samle,verzamelen,6
shop,compras,compras,Shop,shop,winkelen,6
stretch,estirar,esticar,strecken,strække,rekken,6
throw,lanzar,jogar,werfen,kaste,gooien,6
shine,brillar,brilhar,leuchten,skinne,schijnen,6
property,propiedad,propriedade,Eigentum,ejendom,eigendom,6
column,columna,coluna,Spalte,kolonne,kolom,6
molecule,molécula,molécula,Molekül,molekyle,molecuul,6
select,seleccionar,selecionar,wählen,vælg,kiezen,6
wrong,mal,errado,falsch,forkert,verkeerd,6
gray,gris,cinza,grau,grå,grijs,6
repeat,repetir,repetir,wiederholen,gentage,herhalen,6
require,exigir,exigir,erfordern,kræve,vereisen,6
broad,ancho,amplo,breit,bred,breed,6
prepare,preparar,preparar,vorbereiten,forberede,bereiden,6
salt,sal,sal,Salz,salt,zout,6
nose,nariz,nariz,Nase,næse,neus,6
plural,plural,plural,Plural,pluralis,meervoud,6
anger,ira,raiva,Zorn,vrede,boosheid,6
claim,reclamar,reivindicar,behaupten,krav,beweren,6
continent,continente,continente,Kontinent,kontinent,continent,6
oxygen,oxígeno,oxigênio,Sauerstoff,ilt,zuurstof,6
sugar,azúcar,açúcar,Zucker,sukker,suiker,6
death,muerte,morte,Tod,død,dood,6
pretty,bastante,bastante,ziemlich,pretty,vrij,6
skill,habilidad,habilidade,Geschicklichkeit,dygtighed,bekwaamheid,6
women,mujeres,mulheres,Frauen,kvinder,vrouwen,6
season,temporada,temporada,Saison,årstid,seizoen,6
solution,solución,solução,Lösung,opløsning,oplossing,6
magnet,imán,ímã,Magnet,magnet,magneet,6
silver,plata,prata,Silber,sølv,zilver,6
thank,agradecer,agradecer,danken,tak,bedanken,6
branch,rama,ramo,Zweig,gren,tak,6
match,partido,combinar,entsprechen,match,wedstrijd,6
suffix,sufijo,sufixo,Suffix,endelse,achtervoegsel,6
especially,especialmente,especialmente,insbesondere,især,vooral,6
fig,higo,figo,Feige,figen,vijg,6
afraid,asustado,com medo,ängstlich,bange,bang,6
huge,enorme,enorme,riesig,enorm,reusachtig,6
sister,hermana,irmã,Schwester,søster,zus,6
steel,acero,aço,Stahl,stål,staal,6
discuss,discutir,discutir,diskutieren,diskutere,bespreken,6
forward,adelante,para a frente,vorwärts,fremad,vooruit,6
similar,similar,semelhante,ähnlich,lignende,gelijk,6
guide,orientar,orientar,leiten,vejlede,begeleiden,6
experience,experiencia,experiência,Erfahrung,erfaring,ervaring,6
score,puntuación,contagem,Partitur,score,partituur,6
apple,manzana,maçã,Apfel,æble,appel,6
bought,compraron,comprou,gekauft,købte,gekocht,6
led,llevó,levou,führten,førte,geleid,6
pitch,tono,passo,Tonhöhe,tonehøjde,toonhoogte,6
coat,abrigo,casaco,Mantel,frakke,vacht,6
mass,masa,massa,Masse,masse,massa,6
card,tarjeta,cartão,Karte,kort,kaart,6
band,banda,banda,Band,band,band,6
rope,cuerda,corda,Seil,reb,touw,6
slip,deslizarse,deslizar,rutschen,glide,glijden,6
win,ganar,ganhar,gewinnen,vinde,winnen,6
dream,sueño,sonho,Traum,drøm,droom,6
evening,tarde,noite,Abend,aften,avond,6
condition,condición,condição,Bedingung,betingelse,voorwaarde,6
feed,alimentar,alimentar,füttern,fodre,voeden,6
tool,herramienta,ferramenta,Werkzeug,værktøj,gereedschap,6
total,total,total,gesamt,total,totaal,6
basic,básico,básico,Grund-,basic,basis-,6
smell,olor,cheiro,Geruch,lugt,geur,6
valley,valle,vale,Tal,dal,dal,6
nor,ni,nem,noch,heller ikke,noch,6
double,doble,dobrar,verdoppeln,dobbelt,verdubbelen,6
seat,asiento,assento,Sitz,sæde,zitting,6
arrive,llegar,chegar,ankommen,ankomme,aankomen,6
master,maestro,mestre,Master,mester,meester,6
track,rastrear,seguir,verfolgen,spor,volgen,6
parent,padre,pai ou mãe,Elternteil,forælder,ouder,6
shore,apuntalar,costa,Ufer,shore,kust,6
division,división,divisão,Teilung,division,divisie,6
sheet,hoja,folha,Blatt,ark,vel,6
substance,sustancia,substância,Substanz,stof,stof,6
favor,favorecer,favorecer,begünstigen,favorisere,voorstander,6
connect,conectar,conectar,verbinden,forbinde,aansluiten,6
post,enviar,postar,Post,indlæg,post,6
spend,pasar,gastar,verbringen,tilbringe,besteden,6
chord,acorde,acorde,Akkord,akkord,akkoord,6
fat,grasa,gordura,Fett,fedt,vet,6
glad,contento,feliz,froh,glad,blij,6
original,original,original,Original,original,origineel,6
share,participación,ação,Aktie,aksjer,aandeel,6
station,estación,estação,Station,station,station,6
dad,papá,pai,Papa,dad,pa,6
bread,pan,pão,Brot,brød,brood,6
charge,cargo,carga,Ladung,ladning,lading,6
proper,correcto,adequado,richtig,korrekt,behoorlijk,6
bar,bar,bar,Bar,Bar,bar,6
offer,ofrecer,oferecer,bieten,tilbyde,bieden,6
segment,segmento,segmento,Segment,segment,segment,6
slave,esclavo,escravo,Sklave,slave,slaaf,6
duck,pato,pato,Ente,ænder,eend,6
instant,instantáneo,instante,Augenblick,øjeblikkelig,moment,6
market,mercado,mercado,Markt,marked,markt,6
degree,grado,grau,Grad,grad,graad,6
populate,poblar,povoar,bevölkern,befolke,bevolken,6
chick,pollito,pintinho,Küken,chick,kuiken,6
dear,querido,caro,liebe,kære,lieve,6
enemy,enemigo,inimigo,Feind,fjende,vijand,6
reply,responder,responder,antworten,svar,antwoorden,6
drink,beber,beber,trinken,drikke,drinken,6
occur,ocurrir,ocorrer,auftreten,forekomme,zich voordoen,6
support,apoyar,apoiar,unterstützen,støtte,ondersteunen,6
speech,discurso,discurso,Rede,tale,spraak,6
nature,naturaleza,natureza,Natur,natur,natuur,6
range,alcance,alcance,Reichweite,rækkevidde,reeks,6
steam,vapor,vapor,Dampf,damp,stoom,6
motion,movimiento,movimento,Bewegung,bevægelse,beweging,6
path,camino,caminho,Weg,sti,pad,6
liquid,líquido,líquido,Flüssigkeit,væske,vloeistof,6
log,log,logon,protokollieren,log,logboek,6
meant,significó,significava,"bedeutete,",betød,betekende,6
quotient,cociente,quociente,Quotient,kvotient,quotiënt,6
teeth,dientes,dentes,Gebiss,tænder,gebit,6
shell,concha,concha,Schale,shell,schelp,6
neck,cuello,pescoço,Hals,hals,nek,6
,,,,,,
,,,,,,
,,,,,,
,,,,,,
,,,,,,
,,,,,,
,,,,,,
,,,,,,
,,,,,,
,,,,,,
,,,,,,
,,,,,,
,,,,,,
,,,,,,
,,,,,,
